model,test_rmse,test_mae
MF,0.9869921271581212,0.7582347989082336
NCF,0.8759039569138649,0.6682097911834717
